<?xml version="1.0" encoding="UTF-8"?>
<metadata xml:lang="es"><Esri><CreaDate>20230214</CreaDate><CreaTime>10493600</CreaTime><ArcGISFormat>1.0</ArcGISFormat><SyncOnce>TRUE</SyncOnce><DataProperties><lineage><Process ToolSource="c:\program files (x86)\arcgis\desktop10.8\ArcToolbox\Toolboxes\Data Management Tools.tbx\CopyFeatures" Date="20230214" Time="104936">CopyFeatures D:\GeoANP\10.10.14.124@admgdb@gdbsernanp.sde\gdb_sernanp.admgdb.v_anpadministracionnacionaldefinitiva D:\GeoANP\shapefile\ANPNacionalDefinitivas.shp # 0 0 0</Process></lineage></DataProperties></Esri></metadata>
