<?xml version="1.0" encoding="UTF-8"?>
<metadata xml:lang="es"><Esri><CreaDate>20230224</CreaDate><CreaTime>18015300</CreaTime><ArcGISFormat>1.0</ArcGISFormat><SyncOnce>TRUE</SyncOnce><DataProperties><lineage><Process ToolSource="c:\program files (x86)\arcgis\desktop10.8\ArcToolbox\Toolboxes\Data Management Tools.tbx\CopyFeatures" Date="20230224" Time="180153">CopyFeatures D:\GeoANP\10.10.14.124@admgdb@gdbsernanp.sde\gdb_sernanp.admgdb.v_areasconservacionprivada D:\GeoANP\shapefile\AreasdeConservacionPrivada.shp # 0 0 0</Process></lineage></DataProperties></Esri></metadata>
